{"cameraMode":{"drawMode":0,"name":"Shaded","section":"Shading Mode"},"sceneLighting":true,"audioPlay":false,"sceneViewState":{"showFog":true,"showMaterialUpdate":false,"showSkybox":true,"showFlares":true,"showImageEffects":true,"showParticleSystems":true},"in2DMode":false,"pivot":{"x":3.59999942779541,"y":-2.299999952316284,"z":-5.010000228881836},"rotation":{"x":0.09186002612113953,"y":0.6942566633224487,"z":-0.09005926549434662,"w":0.7081384658813477},"size":13.460360527038575,"orthographic":true}